<?xml version="1.0" encoding="UTF-8"?>
<beans xmlns="http://www.springframework.org/schema/beans"
	xmlns:xsi="http://www.w3.org/2001/XMLSchema-instance"
	xmlns:p="http://www.springframework.org/schema/p"
	xmlns:context="http://www.springframework.org/schema/context"
	xsi:schemaLocation="http://www.springframework.org/schema/beans
		http://www.springframework.org/schema/beans/spring-beans.xsd
		
		http://www.springframework.org/schema/context
		http://www.springframework.org/schema/context/spring-context.xsd">
		
		<context:component-scan base-package="com.mvc.pack.controller"/>
		
		<bean id="dataSource"
       class="org.springframework.jdbc.datasource.DriverManagerDataSource">
    <property name="driverClassName" value="com.mysql.cj.jdbc.Driver"/>
    <property name="url" value="jdbc:mysql://localhost:3306/online_shopping"/>
    <property name="username" value="root"/>
    <property name="password" value="Geethu123"/>
   
</bean>


<bean id="employeeDao" class="com.mvc.pack.dao.EmployeeDAO">
<!-- <property name="ds" ref="dataSource"></property> -->
</bean>
		
		<bean id="viewResolver"
		class="org.springframework.web.servlet.view.InternalResourceViewResolver">

		<property name="prefix">
			<value>/WEB-INF/views/</value>
		</property>
		<property name="suffix">
			<value>.jsp</value>
		</property>
	</bean>
		
		
		
		
</beans>